id,names,artists,release_date,range,id,genre,popularity,danceability,energy,key,loudness,mode,speechiness,acousticness,instrumentalness,liveness,valence,tempo,type,id,uri,track_href,analysis_url,duration_ms,time_signature
0,Mon Amour - Remix,zzoilo,2021-12-14,short_term,5TAbg7lJkmo1ZO8pCNhchW,[],66,0.748,0.761,2,-6.621,1,0.102,0.122,6.56e-06,0.0984,0.362,116.041,audio_features,5TAbg7lJkmo1ZO8pCNhchW,spotify:track:5TAbg7lJkmo1ZO8pCNhchW,https://api.spotify.com/v1/tracks/5TAbg7lJkmo1ZO8pCNhchW,https://api.spotify.com/v1/audio-analysis/5TAbg7lJkmo1ZO8pCNhchW,179940,4
1,Foto Pa Ti,Mariel Mariel,2014-02-18,short_term,6fZVXHccQe6EbXavK9FLHg,"['chilean indie', 'deep latin alternative']",41,0.715,0.693,5,-6.574,1,0.0763,0.326,0.494,0.101,0.645,159.944,audio_features,6fZVXHccQe6EbXavK9FLHg,spotify:track:6fZVXHccQe6EbXavK9FLHg,https://api.spotify.com/v1/tracks/6fZVXHccQe6EbXavK9FLHg,https://api.spotify.com/v1/audio-analysis/6fZVXHccQe6EbXavK9FLHg,186987,4
2,Amiga mía,Alejandro Sanz,1997-08-28,short_term,6kQYMqjobmB8MkWwa9OUyA,"['cantautor', 'latin arena pop', 'latin pop', 'mexican pop', 'rock en espanol', 'spanish pop']",79,0.629,0.703,2,-4.875,1,0.0504,0.519,0.0,0.11,0.402,144.016,audio_features,6kQYMqjobmB8MkWwa9OUyA,spotify:track:6kQYMqjobmB8MkWwa9OUyA,https://api.spotify.com/v1/tracks/6kQYMqjobmB8MkWwa9OUyA,https://api.spotify.com/v1/audio-analysis/6kQYMqjobmB8MkWwa9OUyA,290973,4
3,"Pena, Penita, Pena!",Vinila von Bismark,2015-11-18,short_term,2HKEJSEYuRt3892pFxswAC,['granada indie'],33,0.613,0.781,0,-4.886,1,0.0548,0.368,0.00518,0.103,0.575,128.139,audio_features,2HKEJSEYuRt3892pFxswAC,spotify:track:2HKEJSEYuRt3892pFxswAC,https://api.spotify.com/v1/tracks/2HKEJSEYuRt3892pFxswAC,https://api.spotify.com/v1/audio-analysis/2HKEJSEYuRt3892pFxswAC,216607,4
4,Poison Lips,Vitalic,2009-09-28,short_term,2BIC788t4sLhFM8MpZIclI,"['alternative dance', 'electro house', 'electroclash', 'electronica', 'filter house', 'french indietronica', 'french techno', 'new french touch', 'new rave']",53,0.63,0.918,10,-5.068,0,0.0413,0.000322,0.635,0.0786,0.468,126.321,audio_features,2BIC788t4sLhFM8MpZIclI,spotify:track:2BIC788t4sLhFM8MpZIclI,https://api.spotify.com/v1/tracks/2BIC788t4sLhFM8MpZIclI,https://api.spotify.com/v1/audio-analysis/2BIC788t4sLhFM8MpZIclI,234240,4
5,Quiero Decirte al Oído,Vinila von Bismark,2017-11-17,short_term,4CtJ0UCxMnzmlyOtbTYgBe,['granada indie'],33,0.634,0.531,10,-12.016,1,0.0502,0.248,6.46e-05,0.346,0.371,135.815,audio_features,4CtJ0UCxMnzmlyOtbTYgBe,spotify:track:4CtJ0UCxMnzmlyOtbTYgBe,https://api.spotify.com/v1/tracks/4CtJ0UCxMnzmlyOtbTYgBe,https://api.spotify.com/v1/audio-analysis/4CtJ0UCxMnzmlyOtbTYgBe,260787,4
6,Back To Black,Amy Winehouse,2006,short_term,3FAclTFfvUuQYnEsptbK8w,"['british soul', 'neo soul']",77,0.403,0.422,7,-13.964,0,0.0373,0.134,2.05e-05,0.0861,0.378,122.728,audio_features,3FAclTFfvUuQYnEsptbK8w,spotify:track:3FAclTFfvUuQYnEsptbK8w,https://api.spotify.com/v1/tracks/3FAclTFfvUuQYnEsptbK8w,https://api.spotify.com/v1/audio-analysis/3FAclTFfvUuQYnEsptbK8w,241293,4
7,No hay nada más triste que lo tuyo,Hidrogenesse,2002-07-01,short_term,5r9PSnb72ezEr5rkk48JuG,"['spanish indie pop', 'spanish noise pop']",28,0.646,0.931,5,-4.917,0,0.191,0.319,1.6e-06,0.34,0.541,126.977,audio_features,5r9PSnb72ezEr5rkk48JuG,spotify:track:5r9PSnb72ezEr5rkk48JuG,https://api.spotify.com/v1/tracks/5r9PSnb72ezEr5rkk48JuG,https://api.spotify.com/v1/audio-analysis/5r9PSnb72ezEr5rkk48JuG,239999,4
8,Yo Siempre Sueño Que Sí,Nico Roig,2020-04-03,short_term,3RZCD05HfUNzifMcZvUcur,['indie catala'],32,0.737,0.514,4,-9.856,0,0.162,0.673,0.0762,0.12,0.303,128.091,audio_features,3RZCD05HfUNzifMcZvUcur,spotify:track:3RZCD05HfUNzifMcZvUcur,https://api.spotify.com/v1/tracks/3RZCD05HfUNzifMcZvUcur,https://api.spotify.com/v1/audio-analysis/3RZCD05HfUNzifMcZvUcur,292933,4
9,The Chauffeur - 2009 Remaster,Duran Duran,1982-05-10,short_term,4kZOi9K2i06Syi2DiSfEqT,"['dance rock', 'new romantic', 'new wave', 'new wave pop', 'pop rock', 'rock', 'synthpop']",70,0.695,0.658,2,-9.174,1,0.0851,0.287,0.000184,0.0467,0.532,82.846,audio_features,4kZOi9K2i06Syi2DiSfEqT,spotify:track:4kZOi9K2i06Syi2DiSfEqT,https://api.spotify.com/v1/tracks/4kZOi9K2i06Syi2DiSfEqT,https://api.spotify.com/v1/audio-analysis/4kZOi9K2i06Syi2DiSfEqT,321533,4
10,Hurt,Johnny Cash,2002-01-01,short_term,28cnXtME493VX9NOw9cIUh,"['arkansas country', 'outlaw country']",76,0.534,0.392,9,-7.636,0,0.0267,0.649,0.000227,0.0948,0.163,90.379,audio_features,28cnXtME493VX9NOw9cIUh,spotify:track:28cnXtME493VX9NOw9cIUh,https://api.spotify.com/v1/tracks/28cnXtME493VX9NOw9cIUh,https://api.spotify.com/v1/audio-analysis/28cnXtME493VX9NOw9cIUh,216533,4
11,El Viaje,Vitalic,2017-01-20,short_term,3s55mxuUIQd1m1IaESz5NM,"['alternative dance', 'electro house', 'electroclash', 'electronica', 'filter house', 'french indietronica', 'french techno', 'new french touch', 'new rave']",53,0.778,0.844,0,-5.555,1,0.0501,0.271,0.838,0.13,0.695,99.991,audio_features,3s55mxuUIQd1m1IaESz5NM,spotify:track:3s55mxuUIQd1m1IaESz5NM,https://api.spotify.com/v1/tracks/3s55mxuUIQd1m1IaESz5NM,https://api.spotify.com/v1/audio-analysis/3s55mxuUIQd1m1IaESz5NM,94560,4
12,Call Me,Blondie,1999-01-01,short_term,4qO03RMQm88DdpTJcxlglY,"['candy pop', 'new wave', 'new wave pop', 'permanent wave', 'power pop', 'rock']",71,0.56,0.825,2,-6.711,0,0.0347,0.000785,0.00246,0.0892,0.74,142.669,audio_features,4qO03RMQm88DdpTJcxlglY,spotify:track:4qO03RMQm88DdpTJcxlglY,https://api.spotify.com/v1/tracks/4qO03RMQm88DdpTJcxlglY,https://api.spotify.com/v1/audio-analysis/4qO03RMQm88DdpTJcxlglY,212600,4
13,Waiting For The Stars,Vitalic,2017-01-20,short_term,5MHnT8tTakjzZsiuHGxXyc,"['alternative dance', 'electro house', 'electroclash', 'electronica', 'filter house', 'french indietronica', 'french techno', 'new french touch', 'new rave']",53,0.688,0.703,9,-6.383,0,0.175,0.00239,0.123,0.353,0.754,115.984,audio_features,5MHnT8tTakjzZsiuHGxXyc,spotify:track:5MHnT8tTakjzZsiuHGxXyc,https://api.spotify.com/v1/tracks/5MHnT8tTakjzZsiuHGxXyc,https://api.spotify.com/v1/audio-analysis/5MHnT8tTakjzZsiuHGxXyc,232833,4
14,El juidero,Rita Indiana,2010-10-12,short_term,0Lkb8dgvEeCQiSQvAiXR9h,"['deep latin alternative', 'dominican pop']",33,0.673,0.802,7,-12.02,1,0.155,0.207,0.00151,0.0924,0.502,93.414,audio_features,0Lkb8dgvEeCQiSQvAiXR9h,spotify:track:0Lkb8dgvEeCQiSQvAiXR9h,https://api.spotify.com/v1/tracks/0Lkb8dgvEeCQiSQvAiXR9h,https://api.spotify.com/v1/audio-analysis/0Lkb8dgvEeCQiSQvAiXR9h,237772,4
15,Ay Mamá,Rigoberta Bandini,2021-12-23,short_term,0khVEzctbwmqLvOpg1ecbg,['spanish synthpop'],59,0.687,0.56,1,-6.399,1,0.0364,0.133,7.45e-06,0.146,0.32,126.995,audio_features,0khVEzctbwmqLvOpg1ecbg,spotify:track:0khVEzctbwmqLvOpg1ecbg,https://api.spotify.com/v1/tracks/0khVEzctbwmqLvOpg1ecbg,https://api.spotify.com/v1/audio-analysis/0khVEzctbwmqLvOpg1ecbg,181695,4
16,Surf Smurf - Munk Version,Munk,2014-01-23,short_term,0yXEugaWKw9JfosG2lw6uI,"['electrofox', 'filter house', 'munich electronic', 'nu disco']",31,0.975,0.784,0,-6.863,0,0.11,0.000757,0.867,0.0372,0.662,119.993,audio_features,0yXEugaWKw9JfosG2lw6uI,spotify:track:0yXEugaWKw9JfosG2lw6uI,https://api.spotify.com/v1/tracks/0yXEugaWKw9JfosG2lw6uI,https://api.spotify.com/v1/audio-analysis/0yXEugaWKw9JfosG2lw6uI,359314,4
17,Los Adolescentes,Dënver,2011-10-28,short_term,1iwujZAevPH5tyv0UlQXIm,"['chilean indie', 'chilean rock', 'pop electronico']",37,0.569,0.432,2,-20.096,1,0.0326,0.00207,0.00293,0.125,0.367,115.001,audio_features,1iwujZAevPH5tyv0UlQXIm,spotify:track:1iwujZAevPH5tyv0UlQXIm,https://api.spotify.com/v1/tracks/1iwujZAevPH5tyv0UlQXIm,https://api.spotify.com/v1/audio-analysis/1iwujZAevPH5tyv0UlQXIm,407987,4
18,Cave,Future Islands,2017-04-07,short_term,2LiY3LGosbnVmjA5x4k5aU,"['alternative dance', 'baltimore indie', 'chillwave', 'indie rock', 'indietronica', 'modern rock', 'new rave']",65,0.569,0.869,0,-9.137,0,0.071,0.00145,0.000443,0.0908,0.508,144.983,audio_features,2LiY3LGosbnVmjA5x4k5aU,spotify:track:2LiY3LGosbnVmjA5x4k5aU,https://api.spotify.com/v1/tracks/2LiY3LGosbnVmjA5x4k5aU,https://api.spotify.com/v1/audio-analysis/2LiY3LGosbnVmjA5x4k5aU,231720,4
19,Los Esqueletos,Espanto,2018-02-23,short_term,2evbt2sweKafw1Xx6tUVq6,"['spanish indie pop', 'spanish noise pop']",23,0.697,0.536,0,-8.017,1,0.0288,0.599,0.000624,0.14,0.599,109.961,audio_features,2evbt2sweKafw1Xx6tUVq6,spotify:track:2evbt2sweKafw1Xx6tUVq6,https://api.spotify.com/v1/tracks/2evbt2sweKafw1Xx6tUVq6,https://api.spotify.com/v1/audio-analysis/2evbt2sweKafw1Xx6tUVq6,184352,4
20,Fade Away,Vitalic,2012-11-05,short_term,38UgMjCIbS0bZyMAVh6DH2,"['alternative dance', 'electro house', 'electroclash', 'electronica', 'filter house', 'french indietronica', 'french techno', 'new french touch', 'new rave']",53,0.505,0.918,3,-2.707,1,0.0413,0.00397,0.000257,0.106,0.42,134.018,audio_features,38UgMjCIbS0bZyMAVh6DH2,spotify:track:38UgMjCIbS0bZyMAVh6DH2,https://api.spotify.com/v1/tracks/38UgMjCIbS0bZyMAVh6DH2,https://api.spotify.com/v1/audio-analysis/38UgMjCIbS0bZyMAVh6DH2,268720,4
21,Your Song,Elton John,1970-04-10,short_term,38zsOOcu31XbbYj9BIPUF1,"['glam rock', 'mellow gold', 'piano rock']",86,0.554,0.315,3,-11.028,1,0.0298,0.828,5.53e-06,0.101,0.325,128.157,audio_features,38zsOOcu31XbbYj9BIPUF1,spotify:track:38zsOOcu31XbbYj9BIPUF1,https://api.spotify.com/v1/tracks/38zsOOcu31XbbYj9BIPUF1,https://api.spotify.com/v1/audio-analysis/38zsOOcu31XbbYj9BIPUF1,241787,4
22,Cuidado Con El Cyborg (Corre Sarah Connor),Ojete Calor,2013-01-01,short_term,3AKPlwft5LJIZJteG7x5Cp,['spanish electropop'],44,0.565,0.91,4,-6.786,1,0.0533,0.0642,9.14e-06,0.261,0.809,137.986,audio_features,3AKPlwft5LJIZJteG7x5Cp,spotify:track:3AKPlwft5LJIZJteG7x5Cp,https://api.spotify.com/v1/tracks/3AKPlwft5LJIZJteG7x5Cp,https://api.spotify.com/v1/audio-analysis/3AKPlwft5LJIZJteG7x5Cp,230480,4
23,...Baby One More Time,Britney Spears,1999-01-12,short_term,3MjUtNVVq3C8Fn0MP3zhXa,"['dance pop', 'pop']",83,0.759,0.699,0,-5.745,0,0.0307,0.202,0.000131,0.443,0.907,92.96,audio_features,3MjUtNVVq3C8Fn0MP3zhXa,spotify:track:3MjUtNVVq3C8Fn0MP3zhXa,https://api.spotify.com/v1/tracks/3MjUtNVVq3C8Fn0MP3zhXa,https://api.spotify.com/v1/audio-analysis/3MjUtNVVq3C8Fn0MP3zhXa,211067,4
24,Film Music,Electrelane,2006-08-21,short_term,4K9XiE3K0N6Zy8Fvfivqug,"['british alternative rock', 'experimental indie rock', 'indie rock']",40,0.179,0.76,7,-4.557,1,0.0404,0.000665,0.902,0.102,0.0363,121.308,audio_features,4K9XiE3K0N6Zy8Fvfivqug,spotify:track:4K9XiE3K0N6Zy8Fvfivqug,https://api.spotify.com/v1/tracks/4K9XiE3K0N6Zy8Fvfivqug,https://api.spotify.com/v1/audio-analysis/4K9XiE3K0N6Zy8Fvfivqug,251773,4
25,Blade,Queralt Lahoz,2022-04-29,short_term,4V21CsNRnycBA4PWFgjNB7,[],42,0.925,0.567,11,-5.494,1,0.101,0.175,0.000138,0.105,0.156,122.993,audio_features,4V21CsNRnycBA4PWFgjNB7,spotify:track:4V21CsNRnycBA4PWFgjNB7,https://api.spotify.com/v1/tracks/4V21CsNRnycBA4PWFgjNB7,https://api.spotify.com/v1/audio-analysis/4V21CsNRnycBA4PWFgjNB7,197512,4
26,Mami,Ptazeta,2019-12-27,short_term,55C0glNSvxJDCfgHwiCZb1,"['rap canario', 'urbano espanol']",65,0.616,0.649,7,-6.555,0,0.464,0.598,1.9e-06,0.0788,0.656,189.862,audio_features,55C0glNSvxJDCfgHwiCZb1,spotify:track:55C0glNSvxJDCfgHwiCZb1,https://api.spotify.com/v1/tracks/55C0glNSvxJDCfgHwiCZb1,https://api.spotify.com/v1/audio-analysis/55C0glNSvxJDCfgHwiCZb1,189493,4
27,Silver Screen (Shower Scene),Felix Da Housecat,2001,short_term,65EBIxct6KqP1Tm5jrOzex,"['acid house', 'alternative dance', 'chicago house', 'electroclash', 'electronica', 'filter house', 'new rave', 'tech house']",48,0.816,0.747,9,-8.058,1,0.348,0.000323,0.231,0.136,0.389,120.976,audio_features,65EBIxct6KqP1Tm5jrOzex,spotify:track:65EBIxct6KqP1Tm5jrOzex,https://api.spotify.com/v1/tracks/65EBIxct6KqP1Tm5jrOzex,https://api.spotify.com/v1/audio-analysis/65EBIxct6KqP1Tm5jrOzex,280653,4
28,Moisture - Headman Club Version [Bonus Track],Headman,2016-09-30,short_term,7MQISmF9JZI49VOodLfTi7,"['dark disco', 'electrofox']",24,0.68,0.748,2,-4.874,1,0.0279,0.00199,0.0162,0.0807,0.797,122.002,audio_features,7MQISmF9JZI49VOodLfTi7,spotify:track:7MQISmF9JZI49VOodLfTi7,https://api.spotify.com/v1/tracks/7MQISmF9JZI49VOodLfTi7,https://api.spotify.com/v1/audio-analysis/7MQISmF9JZI49VOodLfTi7,320971,4
29,Siempre Estas,Chinese Man,2014-04-14,short_term,1TyrNL2qXnXwlGpHhCWqCs,"['electro swing', 'electronica', 'hip-hop experimental', 'new french touch', 'nu jazz', 'rap marseille']",55,0.692,0.54,10,-7.001,0,0.0412,0.0159,0.000898,0.239,0.191,81.954,audio_features,1TyrNL2qXnXwlGpHhCWqCs,spotify:track:1TyrNL2qXnXwlGpHhCWqCs,https://api.spotify.com/v1/tracks/1TyrNL2qXnXwlGpHhCWqCs,https://api.spotify.com/v1/audio-analysis/1TyrNL2qXnXwlGpHhCWqCs,243240,4
30,Happiness Juice,Munk,2019-07-05,short_term,0F1Ced14qjOZnzJaWnK3Xe,"['electrofox', 'filter house', 'munich electronic', 'nu disco']",31,0.716,0.891,3,-6.744,1,0.0389,0.478,0.00958,0.089,0.776,115.004,audio_features,0F1Ced14qjOZnzJaWnK3Xe,spotify:track:0F1Ced14qjOZnzJaWnK3Xe,https://api.spotify.com/v1/tracks/0F1Ced14qjOZnzJaWnK3Xe,https://api.spotify.com/v1/audio-analysis/0F1Ced14qjOZnzJaWnK3Xe,212890,4
31,I Only Have Eyes for You,The Flamingos,1959-08-11,short_term,3YdKJzcoMZMacISlpY4QoP,"['doo-wop', 'rhythm and blues']",51,0.552,0.313,5,-12.41,1,0.0296,0.916,0.0017,0.12,0.303,88.554,audio_features,3YdKJzcoMZMacISlpY4QoP,spotify:track:3YdKJzcoMZMacISlpY4QoP,https://api.spotify.com/v1/tracks/3YdKJzcoMZMacISlpY4QoP,https://api.spotify.com/v1/audio-analysis/3YdKJzcoMZMacISlpY4QoP,202773,3
32,Bang Bang (My Baby Shot Me Down),Nancy Sinatra,1966-01-01,short_term,4JLcAU2xY90qTkTSNM1lUa,"['folk rock', 'sunshine pop']",64,0.433,0.174,5,-18.791,0,0.0537,0.982,0.101,0.111,0.366,95.802,audio_features,4JLcAU2xY90qTkTSNM1lUa,spotify:track:4JLcAU2xY90qTkTSNM1lUa,https://api.spotify.com/v1/tracks/4JLcAU2xY90qTkTSNM1lUa,https://api.spotify.com/v1/audio-analysis/4JLcAU2xY90qTkTSNM1lUa,162447,4
33,Stamina,Vitalic,2012-11-05,short_term,5WUmSJdn2YHmfVNILOpHCd,"['alternative dance', 'electro house', 'electroclash', 'electronica', 'filter house', 'french indietronica', 'french techno', 'new french touch', 'new rave']",53,0.534,0.992,0,-2.065,1,0.465,0.0748,4.24e-05,0.108,0.305,133.003,audio_features,5WUmSJdn2YHmfVNILOpHCd,spotify:track:5WUmSJdn2YHmfVNILOpHCd,https://api.spotify.com/v1/tracks/5WUmSJdn2YHmfVNILOpHCd,https://api.spotify.com/v1/audio-analysis/5WUmSJdn2YHmfVNILOpHCd,222427,4
34,Let It Be - Remastered 2009,The Beatles,1970-05-08,short_term,7iN1s7xHE4ifF5povM6A48,"['beatlesque', 'british invasion', 'classic rock', 'merseybeat', 'psychedelic rock', 'rock']",86,0.443,0.403,0,-8.339,1,0.0322,0.631,0.0,0.111,0.41,143.462,audio_features,7iN1s7xHE4ifF5povM6A48,spotify:track:7iN1s7xHE4ifF5povM6A48,https://api.spotify.com/v1/tracks/7iN1s7xHE4ifF5povM6A48,https://api.spotify.com/v1/audio-analysis/7iN1s7xHE4ifF5povM6A48,243027,4
35,Lately - Bawrut Remix / Short Version,Metronomy,2020-12-11,short_term,7k0Vin0PpCAiPC8nG6ymMV,"['alternative dance', 'electronica', 'electropop', 'french indie pop', 'indie rock', 'indietronica', 'modern rock', 'new rave', 'socal pop punk']",64,0.686,0.797,7,-7.731,1,0.0463,0.0706,0.487,0.11,0.281,122.978,audio_features,7k0Vin0PpCAiPC8nG6ymMV,spotify:track:7k0Vin0PpCAiPC8nG6ymMV,https://api.spotify.com/v1/tracks/7k0Vin0PpCAiPC8nG6ymMV,https://api.spotify.com/v1/audio-analysis/7k0Vin0PpCAiPC8nG6ymMV,390254,4
36,Tu Conmigo,Vitalic,2017-06-23,short_term,2OJQBsgmB18vFPuzdTrMZQ,"['alternative dance', 'electro house', 'electroclash', 'electronica', 'filter house', 'french indietronica', 'french techno', 'new french touch', 'new rave']",53,0.787,0.867,7,-5.869,0,0.0635,0.319,0.691,0.098,0.822,102.996,audio_features,2OJQBsgmB18vFPuzdTrMZQ,spotify:track:2OJQBsgmB18vFPuzdTrMZQ,https://api.spotify.com/v1/tracks/2OJQBsgmB18vFPuzdTrMZQ,https://api.spotify.com/v1/audio-analysis/2OJQBsgmB18vFPuzdTrMZQ,213120,4
37,Tuve que quemar,Sara Hebe,2009,short_term,0FT8y5P1ju2dsFMaM3XtMd,"['rap latina', 'rap politico']",49,0.904,0.705,4,-5.785,0,0.189,0.0584,0.00018,0.0779,0.471,97.01,audio_features,0FT8y5P1ju2dsFMaM3XtMd,spotify:track:0FT8y5P1ju2dsFMaM3XtMd,https://api.spotify.com/v1/tracks/0FT8y5P1ju2dsFMaM3XtMd,https://api.spotify.com/v1/audio-analysis/0FT8y5P1ju2dsFMaM3XtMd,245600,4
38,La canción de tu vida,Joe Crepúsculo,2011-02-15,short_term,14oQsEzRVayJbQ1yWLiOaH,"['indie catala', 'latin rock', 'spanish indie pop', 'spanish noise pop']",38,0.5,0.622,0,-7.743,1,0.0697,0.493,3.58e-05,0.429,0.799,200.029,audio_features,14oQsEzRVayJbQ1yWLiOaH,spotify:track:14oQsEzRVayJbQ1yWLiOaH,https://api.spotify.com/v1/tracks/14oQsEzRVayJbQ1yWLiOaH,https://api.spotify.com/v1/audio-analysis/14oQsEzRVayJbQ1yWLiOaH,145727,4
39,Ordinary World,Duran Duran,1993-02-15,short_term,0wokCRaKD0zPNhMRXAgVsr,"['dance rock', 'new romantic', 'new wave', 'new wave pop', 'pop rock', 'rock', 'synthpop']",70,0.472,0.652,1,-10.171,0,0.0305,0.0131,1.12e-05,0.14,0.401,140.124,audio_features,0wokCRaKD0zPNhMRXAgVsr,spotify:track:0wokCRaKD0zPNhMRXAgVsr,https://api.spotify.com/v1/tracks/0wokCRaKD0zPNhMRXAgVsr,https://api.spotify.com/v1/audio-analysis/0wokCRaKD0zPNhMRXAgVsr,340200,4
40,Great Balls Of Fire,Jerry Lee Lewis,1989-01-01,short_term,5jw1zzcYFivmuJK52JrnMK,"['piano rock', 'rock-and-roll', 'rockabilly']",61,0.388,0.903,0,-10.851,1,0.0624,0.123,0.0124,0.224,0.865,176.148,audio_features,5jw1zzcYFivmuJK52JrnMK,spotify:track:5jw1zzcYFivmuJK52JrnMK,https://api.spotify.com/v1/tracks/5jw1zzcYFivmuJK52JrnMK,https://api.spotify.com/v1/audio-analysis/5jw1zzcYFivmuJK52JrnMK,153333,4
41,Gone Daddy Gone,Violent Femmes,1983-01-01,short_term,7mVoBnU3mxV5Q6n4DmOv6K,"['acoustic punk', 'alternative rock', 'anti-folk', 'pop rock', 'punk', 'rock']",60,0.568,0.948,2,-4.265,0,0.078,0.448,0.00059,0.19,0.84,79.329,audio_features,7mVoBnU3mxV5Q6n4DmOv6K,spotify:track:7mVoBnU3mxV5Q6n4DmOv6K,https://api.spotify.com/v1/tracks/7mVoBnU3mxV5Q6n4DmOv6K,https://api.spotify.com/v1/audio-analysis/7mVoBnU3mxV5Q6n4DmOv6K,186067,4
42,Always on My Mind,Pet Shop Boys,1998-03-31,short_term,07ABETRdek3ACMpRPvQuaT,"['art pop', 'dance rock', 'europop', 'new romantic', 'new wave', 'new wave pop', 'permanent wave', 'synthpop']",69,0.533,0.783,7,-10.61,1,0.0366,0.0116,0.0565,0.186,0.726,124.874,audio_features,07ABETRdek3ACMpRPvQuaT,spotify:track:07ABETRdek3ACMpRPvQuaT,https://api.spotify.com/v1/tracks/07ABETRdek3ACMpRPvQuaT,https://api.spotify.com/v1/audio-analysis/07ABETRdek3ACMpRPvQuaT,234907,4
43,Eres Tú,Mocedades,1994-06-22,short_term,08HeIb9BidFjKROf9ptln0,"['cancion melodica', 'latin pop', 'pop romantico']",58,0.415,0.428,2,-9.313,1,0.0254,0.132,0.0,0.297,0.652,81.352,audio_features,08HeIb9BidFjKROf9ptln0,spotify:track:08HeIb9BidFjKROf9ptln0,https://api.spotify.com/v1/tracks/08HeIb9BidFjKROf9ptln0,https://api.spotify.com/v1/audio-analysis/08HeIb9BidFjKROf9ptln0,214573,4
44,Never Gonna Sleep,Free Kitten,1997,short_term,09xbrGWlzfNKaYFE3aMQn3,['riot grrrl'],21,0.519,0.81,5,-12.568,0,0.0311,0.136,0.863,0.0907,0.608,112.361,audio_features,09xbrGWlzfNKaYFE3aMQn3,spotify:track:09xbrGWlzfNKaYFE3aMQn3,https://api.spotify.com/v1/tracks/09xbrGWlzfNKaYFE3aMQn3,https://api.spotify.com/v1/audio-analysis/09xbrGWlzfNKaYFE3aMQn3,377000,4
45,Señoras Bien,Las Bistecs,2016-09-01,short_term,0C60TsFeKSPCyTHolDUN0n,"['rap latina', 'spanish electropop']",31,0.722,0.814,4,-6.048,0,0.0294,0.0145,7.34e-05,0.0845,0.737,129.989,audio_features,0C60TsFeKSPCyTHolDUN0n,spotify:track:0C60TsFeKSPCyTHolDUN0n,https://api.spotify.com/v1/tracks/0C60TsFeKSPCyTHolDUN0n,https://api.spotify.com/v1/audio-analysis/0C60TsFeKSPCyTHolDUN0n,210699,4
46,Las Histéricas,Liliana Felipe,2000,short_term,0Hg0oXQpFVm4toez0CUtsO,['indie cordoba'],29,0.668,0.541,0,-8.023,1,0.0933,0.4,0.0,0.248,0.856,131.68,audio_features,0Hg0oXQpFVm4toez0CUtsO,spotify:track:0Hg0oXQpFVm4toez0CUtsO,https://api.spotify.com/v1/tracks/0Hg0oXQpFVm4toez0CUtsO,https://api.spotify.com/v1/audio-analysis/0Hg0oXQpFVm4toez0CUtsO,124773,4
47,Trouble,Coldplay,2000-07-10,short_term,0R8P9KfGJCDULmlEoBagcO,"['permanent wave', 'pop']",90,0.565,0.546,11,-7.496,0,0.0314,0.189,0.0015,0.17,0.195,139.757,audio_features,0R8P9KfGJCDULmlEoBagcO,spotify:track:0R8P9KfGJCDULmlEoBagcO,https://api.spotify.com/v1/tracks/0R8P9KfGJCDULmlEoBagcO,https://api.spotify.com/v1/audio-analysis/0R8P9KfGJCDULmlEoBagcO,273427,4
48,A Minha Menina,Os Mutantes,1968-01-01,short_term,0lGEWOZvMexZFXckBJxlVO,"['bossa nova', 'brazilian rock', 'mpb', 'psicodelia brasileira', 'psychedelic rock', 'tropicalia']",48,0.463,0.926,7,-3.204,1,0.122,0.0555,0.0,0.478,0.437,91.197,audio_features,0lGEWOZvMexZFXckBJxlVO,spotify:track:0lGEWOZvMexZFXckBJxlVO,https://api.spotify.com/v1/tracks/0lGEWOZvMexZFXckBJxlVO,https://api.spotify.com/v1/audio-analysis/0lGEWOZvMexZFXckBJxlVO,284987,4
49,Going up the Country,"Kitty, Daisy & Lewis",2008-07-28,short_term,18Zw8HtC0SSQMGJsjrEbAj,[],40,0.808,0.631,6,-5.926,1,0.0797,0.622,8.95e-06,0.105,0.917,88.587,audio_features,18Zw8HtC0SSQMGJsjrEbAj,spotify:track:18Zw8HtC0SSQMGJsjrEbAj,https://api.spotify.com/v1/tracks/18Zw8HtC0SSQMGJsjrEbAj,https://api.spotify.com/v1/audio-analysis/18Zw8HtC0SSQMGJsjrEbAj,197266,4
50,Mon Amour - Remix,zzoilo,2021-12-14,medium_term,5TAbg7lJkmo1ZO8pCNhchW,[],66,0.748,0.761,2,-6.621,1,0.102,0.122,6.56e-06,0.0984,0.362,116.041,audio_features,5TAbg7lJkmo1ZO8pCNhchW,spotify:track:5TAbg7lJkmo1ZO8pCNhchW,https://api.spotify.com/v1/tracks/5TAbg7lJkmo1ZO8pCNhchW,https://api.spotify.com/v1/audio-analysis/5TAbg7lJkmo1ZO8pCNhchW,179940,4
51,Hurt,Johnny Cash,2002-01-01,medium_term,28cnXtME493VX9NOw9cIUh,"['arkansas country', 'outlaw country']",76,0.534,0.392,9,-7.636,0,0.0267,0.649,0.000227,0.0948,0.163,90.379,audio_features,28cnXtME493VX9NOw9cIUh,spotify:track:28cnXtME493VX9NOw9cIUh,https://api.spotify.com/v1/tracks/28cnXtME493VX9NOw9cIUh,https://api.spotify.com/v1/audio-analysis/28cnXtME493VX9NOw9cIUh,216533,4
52,...Baby One More Time,Britney Spears,1999-01-12,medium_term,3MjUtNVVq3C8Fn0MP3zhXa,"['dance pop', 'pop']",83,0.759,0.699,0,-5.745,0,0.0307,0.202,0.000131,0.443,0.907,92.96,audio_features,3MjUtNVVq3C8Fn0MP3zhXa,spotify:track:3MjUtNVVq3C8Fn0MP3zhXa,https://api.spotify.com/v1/tracks/3MjUtNVVq3C8Fn0MP3zhXa,https://api.spotify.com/v1/audio-analysis/3MjUtNVVq3C8Fn0MP3zhXa,211067,4
53,Foto Pa Ti,Mariel Mariel,2014-02-18,medium_term,6fZVXHccQe6EbXavK9FLHg,"['chilean indie', 'deep latin alternative']",41,0.715,0.693,5,-6.574,1,0.0763,0.326,0.494,0.101,0.645,159.944,audio_features,6fZVXHccQe6EbXavK9FLHg,spotify:track:6fZVXHccQe6EbXavK9FLHg,https://api.spotify.com/v1/tracks/6fZVXHccQe6EbXavK9FLHg,https://api.spotify.com/v1/audio-analysis/6fZVXHccQe6EbXavK9FLHg,186987,4
54,Film Music,Electrelane,2006-08-21,medium_term,4K9XiE3K0N6Zy8Fvfivqug,"['british alternative rock', 'experimental indie rock', 'indie rock']",40,0.179,0.76,7,-4.557,1,0.0404,0.000665,0.902,0.102,0.0363,121.308,audio_features,4K9XiE3K0N6Zy8Fvfivqug,spotify:track:4K9XiE3K0N6Zy8Fvfivqug,https://api.spotify.com/v1/tracks/4K9XiE3K0N6Zy8Fvfivqug,https://api.spotify.com/v1/audio-analysis/4K9XiE3K0N6Zy8Fvfivqug,251773,4
55,Quiero Decirte al Oído,Vinila von Bismark,2017-11-17,medium_term,4CtJ0UCxMnzmlyOtbTYgBe,['granada indie'],33,0.634,0.531,10,-12.016,1,0.0502,0.248,6.46e-05,0.346,0.371,135.815,audio_features,4CtJ0UCxMnzmlyOtbTYgBe,spotify:track:4CtJ0UCxMnzmlyOtbTYgBe,https://api.spotify.com/v1/tracks/4CtJ0UCxMnzmlyOtbTYgBe,https://api.spotify.com/v1/audio-analysis/4CtJ0UCxMnzmlyOtbTYgBe,260787,4
56,Your Song,Elton John,1970-04-10,medium_term,38zsOOcu31XbbYj9BIPUF1,"['glam rock', 'mellow gold', 'piano rock']",86,0.554,0.315,3,-11.028,1,0.0298,0.828,5.53e-06,0.101,0.325,128.157,audio_features,38zsOOcu31XbbYj9BIPUF1,spotify:track:38zsOOcu31XbbYj9BIPUF1,https://api.spotify.com/v1/tracks/38zsOOcu31XbbYj9BIPUF1,https://api.spotify.com/v1/audio-analysis/38zsOOcu31XbbYj9BIPUF1,241787,4
57,Cadillac solitario,Loquillo,1989-02-22,medium_term,60HibhiSF8eBC2w4DWgorI,"['cantautor', 'rock en espanol', 'rockabilly en espanol', 'spanish new wave', 'spanish pop', 'spanish rockabilly']",53,0.393,0.828,11,-4.147,0,0.0332,0.0746,0.00192,0.148,0.473,129.743,audio_features,60HibhiSF8eBC2w4DWgorI,spotify:track:60HibhiSF8eBC2w4DWgorI,https://api.spotify.com/v1/tracks/60HibhiSF8eBC2w4DWgorI,https://api.spotify.com/v1/audio-analysis/60HibhiSF8eBC2w4DWgorI,214560,1
58,"Pena, Penita, Pena!",Vinila von Bismark,2015-11-18,medium_term,2HKEJSEYuRt3892pFxswAC,['granada indie'],33,0.613,0.781,0,-4.886,1,0.0548,0.368,0.00518,0.103,0.575,128.139,audio_features,2HKEJSEYuRt3892pFxswAC,spotify:track:2HKEJSEYuRt3892pFxswAC,https://api.spotify.com/v1/tracks/2HKEJSEYuRt3892pFxswAC,https://api.spotify.com/v1/audio-analysis/2HKEJSEYuRt3892pFxswAC,216607,4
59,Let It Be - Remastered 2009,The Beatles,1970-05-08,medium_term,7iN1s7xHE4ifF5povM6A48,"['beatlesque', 'british invasion', 'classic rock', 'merseybeat', 'psychedelic rock', 'rock']",86,0.443,0.403,0,-8.339,1,0.0322,0.631,0.0,0.111,0.41,143.462,audio_features,7iN1s7xHE4ifF5povM6A48,spotify:track:7iN1s7xHE4ifF5povM6A48,https://api.spotify.com/v1/tracks/7iN1s7xHE4ifF5povM6A48,https://api.spotify.com/v1/audio-analysis/7iN1s7xHE4ifF5povM6A48,243027,4
60,Take on Me,a-ha,1985-06-01,medium_term,2WfaOiMkCvy7F5fcp2zZ8L,"['new romantic', 'new wave', 'new wave pop', 'permanent wave', 'pop rock', 'soft rock', 'synthpop']",73,0.573,0.902,6,-7.638,0,0.054,0.018,0.00125,0.0928,0.876,84.412,audio_features,2WfaOiMkCvy7F5fcp2zZ8L,spotify:track:2WfaOiMkCvy7F5fcp2zZ8L,https://api.spotify.com/v1/tracks/2WfaOiMkCvy7F5fcp2zZ8L,https://api.spotify.com/v1/audio-analysis/2WfaOiMkCvy7F5fcp2zZ8L,225280,4
61,Señoras Bien,Las Bistecs,2016-09-01,medium_term,0C60TsFeKSPCyTHolDUN0n,"['rap latina', 'spanish electropop']",31,0.722,0.814,4,-6.048,0,0.0294,0.0145,7.34e-05,0.0845,0.737,129.989,audio_features,0C60TsFeKSPCyTHolDUN0n,spotify:track:0C60TsFeKSPCyTHolDUN0n,https://api.spotify.com/v1/tracks/0C60TsFeKSPCyTHolDUN0n,https://api.spotify.com/v1/audio-analysis/0C60TsFeKSPCyTHolDUN0n,210699,4
62,Stand by Me,Otis Redding,1964,medium_term,1aj4GXfmEYXfdVZohCpNKu,"['classic soul', 'memphis soul', 'soul', 'soul blues', 'southern soul']",72,0.883,0.464,10,-11.251,1,0.0591,0.279,1.51e-05,0.0744,0.925,111.548,audio_features,1aj4GXfmEYXfdVZohCpNKu,spotify:track:1aj4GXfmEYXfdVZohCpNKu,https://api.spotify.com/v1/tracks/1aj4GXfmEYXfdVZohCpNKu,https://api.spotify.com/v1/audio-analysis/1aj4GXfmEYXfdVZohCpNKu,172333,4
63,Call Me,Blondie,1999-01-01,medium_term,4qO03RMQm88DdpTJcxlglY,"['candy pop', 'new wave', 'new wave pop', 'permanent wave', 'power pop', 'rock']",71,0.56,0.825,2,-6.711,0,0.0347,0.000785,0.00246,0.0892,0.74,142.669,audio_features,4qO03RMQm88DdpTJcxlglY,spotify:track:4qO03RMQm88DdpTJcxlglY,https://api.spotify.com/v1/tracks/4qO03RMQm88DdpTJcxlglY,https://api.spotify.com/v1/audio-analysis/4qO03RMQm88DdpTJcxlglY,212600,4
64,HDA (Historia del Arte),Las Bistecs,2016-09-01,medium_term,1ViUKZsdEDsRKIdOic4DyQ,"['rap latina', 'spanish electropop']",31,0.91,0.585,11,-6.328,0,0.247,0.135,0.0024,0.116,0.522,119.979,audio_features,1ViUKZsdEDsRKIdOic4DyQ,spotify:track:1ViUKZsdEDsRKIdOic4DyQ,https://api.spotify.com/v1/tracks/1ViUKZsdEDsRKIdOic4DyQ,https://api.spotify.com/v1/audio-analysis/1ViUKZsdEDsRKIdOic4DyQ,185965,4
65,Tuve que quemar,Sara Hebe,2009,medium_term,0FT8y5P1ju2dsFMaM3XtMd,"['rap latina', 'rap politico']",49,0.904,0.705,4,-5.785,0,0.189,0.0584,0.00018,0.0779,0.471,97.01,audio_features,0FT8y5P1ju2dsFMaM3XtMd,spotify:track:0FT8y5P1ju2dsFMaM3XtMd,https://api.spotify.com/v1/tracks/0FT8y5P1ju2dsFMaM3XtMd,https://api.spotify.com/v1/audio-analysis/0FT8y5P1ju2dsFMaM3XtMd,245600,4
66,Ay Mamá,Rigoberta Bandini,2021-12-23,medium_term,0khVEzctbwmqLvOpg1ecbg,['spanish synthpop'],59,0.687,0.56,1,-6.399,1,0.0364,0.133,7.45e-06,0.146,0.32,126.995,audio_features,0khVEzctbwmqLvOpg1ecbg,spotify:track:0khVEzctbwmqLvOpg1ecbg,https://api.spotify.com/v1/tracks/0khVEzctbwmqLvOpg1ecbg,https://api.spotify.com/v1/audio-analysis/0khVEzctbwmqLvOpg1ecbg,181695,4
67,All By Myself,Jamie O'Neal,2001-04-03,medium_term,7cLN98e38y2BLy0H4I2QWk,"['contemporary country', 'country', 'country dawn', 'country road']",43,0.356,0.312,9,-9.216,0,0.028,0.346,2.74e-05,0.0617,0.0669,117.074,audio_features,7cLN98e38y2BLy0H4I2QWk,spotify:track:7cLN98e38y2BLy0H4I2QWk,https://api.spotify.com/v1/tracks/7cLN98e38y2BLy0H4I2QWk,https://api.spotify.com/v1/audio-analysis/7cLN98e38y2BLy0H4I2QWk,289333,4
68,Disfraz de tigre,Hidrogenesse,2007-02-18,medium_term,5cME04YK44GYaVeVHMTbdL,"['spanish indie pop', 'spanish noise pop']",28,0.685,0.752,2,-7.855,1,0.0467,0.00487,0.00027,0.106,0.914,137.01,audio_features,5cME04YK44GYaVeVHMTbdL,spotify:track:5cME04YK44GYaVeVHMTbdL,https://api.spotify.com/v1/tracks/5cME04YK44GYaVeVHMTbdL,https://api.spotify.com/v1/audio-analysis/5cME04YK44GYaVeVHMTbdL,225000,4
69,Always on My Mind,Pet Shop Boys,1998-03-31,medium_term,07ABETRdek3ACMpRPvQuaT,"['art pop', 'dance rock', 'europop', 'new romantic', 'new wave', 'new wave pop', 'permanent wave', 'synthpop']",69,0.533,0.783,7,-10.61,1,0.0366,0.0116,0.0565,0.186,0.726,124.874,audio_features,07ABETRdek3ACMpRPvQuaT,spotify:track:07ABETRdek3ACMpRPvQuaT,https://api.spotify.com/v1/tracks/07ABETRdek3ACMpRPvQuaT,https://api.spotify.com/v1/audio-analysis/07ABETRdek3ACMpRPvQuaT,234907,4
70,Gone Daddy Gone,Violent Femmes,1983-01-01,medium_term,7mVoBnU3mxV5Q6n4DmOv6K,"['acoustic punk', 'alternative rock', 'anti-folk', 'pop rock', 'punk', 'rock']",60,0.568,0.948,2,-4.265,0,0.078,0.448,0.00059,0.19,0.84,79.329,audio_features,7mVoBnU3mxV5Q6n4DmOv6K,spotify:track:7mVoBnU3mxV5Q6n4DmOv6K,https://api.spotify.com/v1/tracks/7mVoBnU3mxV5Q6n4DmOv6K,https://api.spotify.com/v1/audio-analysis/7mVoBnU3mxV5Q6n4DmOv6K,186067,4
71,In The Night I Call Your Name,Sine City,2015-04-27,medium_term,7hEqNEXwyy8lklgS3gzyyG,['swedish synth'],2,0.674,0.625,6,-6.837,1,0.0261,0.0198,0.154,0.0797,0.271,109.972,audio_features,7hEqNEXwyy8lklgS3gzyyG,spotify:track:7hEqNEXwyy8lklgS3gzyyG,https://api.spotify.com/v1/tracks/7hEqNEXwyy8lklgS3gzyyG,https://api.spotify.com/v1/audio-analysis/7hEqNEXwyy8lklgS3gzyyG,217720,4
72,No hay nada más triste que lo tuyo,Hidrogenesse,2002-07-01,medium_term,5r9PSnb72ezEr5rkk48JuG,"['spanish indie pop', 'spanish noise pop']",28,0.646,0.931,5,-4.917,0,0.191,0.319,1.6e-06,0.34,0.541,126.977,audio_features,5r9PSnb72ezEr5rkk48JuG,spotify:track:5r9PSnb72ezEr5rkk48JuG,https://api.spotify.com/v1/tracks/5r9PSnb72ezEr5rkk48JuG,https://api.spotify.com/v1/audio-analysis/5r9PSnb72ezEr5rkk48JuG,239999,4
73,Al Amanecer,Los Fresones Rebeldes,1997-04-13,medium_term,7qhuaYIafvH285FtQT71oQ,['spanish indie pop'],39,0.37,0.876,9,-7.159,1,0.191,0.0322,0.0,0.181,0.434,197.783,audio_features,7qhuaYIafvH285FtQT71oQ,spotify:track:7qhuaYIafvH285FtQT71oQ,https://api.spotify.com/v1/tracks/7qhuaYIafvH285FtQT71oQ,https://api.spotify.com/v1/audio-analysis/7qhuaYIafvH285FtQT71oQ,159907,4
74,Amiga mía,Alejandro Sanz,1997-08-28,medium_term,6kQYMqjobmB8MkWwa9OUyA,"['cantautor', 'latin arena pop', 'latin pop', 'mexican pop', 'rock en espanol', 'spanish pop']",79,0.629,0.703,2,-4.875,1,0.0504,0.519,0.0,0.11,0.402,144.016,audio_features,6kQYMqjobmB8MkWwa9OUyA,spotify:track:6kQYMqjobmB8MkWwa9OUyA,https://api.spotify.com/v1/tracks/6kQYMqjobmB8MkWwa9OUyA,https://api.spotify.com/v1/audio-analysis/6kQYMqjobmB8MkWwa9OUyA,290973,4
75,Poison Lips,Vitalic,2009-09-28,medium_term,2BIC788t4sLhFM8MpZIclI,"['alternative dance', 'electro house', 'electroclash', 'electronica', 'filter house', 'french indietronica', 'french techno', 'new french touch', 'new rave']",53,0.63,0.918,10,-5.068,0,0.0413,0.000322,0.635,0.0786,0.468,126.321,audio_features,2BIC788t4sLhFM8MpZIclI,spotify:track:2BIC788t4sLhFM8MpZIclI,https://api.spotify.com/v1/tracks/2BIC788t4sLhFM8MpZIclI,https://api.spotify.com/v1/audio-analysis/2BIC788t4sLhFM8MpZIclI,234240,4
76,Eres Tú,Mocedades,1994-06-22,medium_term,08HeIb9BidFjKROf9ptln0,"['cancion melodica', 'latin pop', 'pop romantico']",58,0.415,0.428,2,-9.313,1,0.0254,0.132,0.0,0.297,0.652,81.352,audio_features,08HeIb9BidFjKROf9ptln0,spotify:track:08HeIb9BidFjKROf9ptln0,https://api.spotify.com/v1/tracks/08HeIb9BidFjKROf9ptln0,https://api.spotify.com/v1/audio-analysis/08HeIb9BidFjKROf9ptln0,214573,4
77,Problemas,Las Bistecs,2016-09-01,medium_term,1OAKOlQ6325cnSUN3dLVSE,"['rap latina', 'spanish electropop']",31,0.854,0.798,0,-6.466,1,0.0712,0.0136,0.386,0.0769,0.452,127.99,audio_features,1OAKOlQ6325cnSUN3dLVSE,spotify:track:1OAKOlQ6325cnSUN3dLVSE,https://api.spotify.com/v1/tracks/1OAKOlQ6325cnSUN3dLVSE,https://api.spotify.com/v1/audio-analysis/1OAKOlQ6325cnSUN3dLVSE,217730,4
78,Soy Yo,Bomba Estéreo,2015-06-02,medium_term,4Egb5xP6cniUx0kgZd5zLB,"['cumbia', 'latin alternative', 'latin rock', 'pop electronico', 'tropical alternativo']",77,0.887,0.581,11,-7.632,0,0.172,0.0396,0.000198,0.0788,0.786,117.042,audio_features,4Egb5xP6cniUx0kgZd5zLB,spotify:track:4Egb5xP6cniUx0kgZd5zLB,https://api.spotify.com/v1/tracks/4Egb5xP6cniUx0kgZd5zLB,https://api.spotify.com/v1/audio-analysis/4Egb5xP6cniUx0kgZd5zLB,159800,4
79,I'm So Excited,Le Tigre,2004-10-19,medium_term,4OGR8bneiqjYPHHm2aolUV,"['dance-punk', 'queercore', 'riot grrrl']",58,0.631,0.915,7,-1.849,0,0.0476,0.0386,0.00191,0.0898,0.787,183.173,audio_features,4OGR8bneiqjYPHHm2aolUV,spotify:track:4OGR8bneiqjYPHHm2aolUV,https://api.spotify.com/v1/tracks/4OGR8bneiqjYPHHm2aolUV,https://api.spotify.com/v1/audio-analysis/4OGR8bneiqjYPHHm2aolUV,229387,4
80,Calor,Conchita Velasco,2008-01-01,medium_term,2qpjaDs0t7CM6uPcaY6aE1,[],28,0.502,0.852,1,-8.931,1,0.0563,0.705,9.53e-05,0.278,0.818,132.728,audio_features,2qpjaDs0t7CM6uPcaY6aE1,spotify:track:2qpjaDs0t7CM6uPcaY6aE1,https://api.spotify.com/v1/tracks/2qpjaDs0t7CM6uPcaY6aE1,https://api.spotify.com/v1/audio-analysis/2qpjaDs0t7CM6uPcaY6aE1,121440,4
81,The Chauffeur - 2009 Remaster,Duran Duran,1982-05-10,medium_term,4kZOi9K2i06Syi2DiSfEqT,"['dance rock', 'new romantic', 'new wave', 'new wave pop', 'pop rock', 'rock', 'synthpop']",70,0.695,0.658,2,-9.174,1,0.0851,0.287,0.000184,0.0467,0.532,82.846,audio_features,4kZOi9K2i06Syi2DiSfEqT,spotify:track:4kZOi9K2i06Syi2DiSfEqT,https://api.spotify.com/v1/tracks/4kZOi9K2i06Syi2DiSfEqT,https://api.spotify.com/v1/audio-analysis/4kZOi9K2i06Syi2DiSfEqT,321533,4
82,Nunca Es Suficiente,Los Ángeles Azules,2018-04-20,medium_term,0NLCproVurQVarImbC5coP,"['gruperas inmortales', 'musica mexicana', 'nu-cumbia', 'tropical']",78,0.797,0.506,2,-6.176,0,0.0389,0.375,0.0,0.0854,0.792,93.99,audio_features,0NLCproVurQVarImbC5coP,spotify:track:0NLCproVurQVarImbC5coP,https://api.spotify.com/v1/tracks/0NLCproVurQVarImbC5coP,https://api.spotify.com/v1/audio-analysis/0NLCproVurQVarImbC5coP,266016,4
83,Back To Black,Amy Winehouse,2006,medium_term,3FAclTFfvUuQYnEsptbK8w,"['british soul', 'neo soul']",77,0.403,0.422,7,-13.964,0,0.0373,0.134,2.05e-05,0.0861,0.378,122.728,audio_features,3FAclTFfvUuQYnEsptbK8w,spotify:track:3FAclTFfvUuQYnEsptbK8w,https://api.spotify.com/v1/tracks/3FAclTFfvUuQYnEsptbK8w,https://api.spotify.com/v1/audio-analysis/3FAclTFfvUuQYnEsptbK8w,241293,4
84,Calor,Conchita Velasco,2018-04-17,medium_term,3enhhbHP5QlIUglojSSfpp,[],28,0.52,0.833,1,-5.573,1,0.0355,0.781,0.301,0.213,0.92,130.934,audio_features,3enhhbHP5QlIUglojSSfpp,spotify:track:3enhhbHP5QlIUglojSSfpp,https://api.spotify.com/v1/tracks/3enhhbHP5QlIUglojSSfpp,https://api.spotify.com/v1/audio-analysis/3enhhbHP5QlIUglojSSfpp,120387,4
85,Stand by Me,Ben E. King,1962-08-20,medium_term,3SdTKo2uVsxFblQjpScoHy,"['adult standards', 'quiet storm', 'rock-and-roll', 'soul']",67,0.65,0.306,9,-9.443,1,0.0393,0.57,7.07e-06,0.0707,0.605,118.068,audio_features,3SdTKo2uVsxFblQjpScoHy,spotify:track:3SdTKo2uVsxFblQjpScoHy,https://api.spotify.com/v1/tracks/3SdTKo2uVsxFblQjpScoHy,https://api.spotify.com/v1/audio-analysis/3SdTKo2uVsxFblQjpScoHy,180056,4
86,Jealous Guy - Live,Donny Hathaway,1972,medium_term,7k0lw3bHc5JpqhMRGchjRg,"['chicago soul', 'classic soul', 'funk', 'neo soul', 'quiet storm', 'soul']",60,0.649,0.232,0,-16.551,1,0.0799,0.762,7.82e-06,0.684,0.648,61.059,audio_features,7k0lw3bHc5JpqhMRGchjRg,spotify:track:7k0lw3bHc5JpqhMRGchjRg,https://api.spotify.com/v1/tracks/7k0lw3bHc5JpqhMRGchjRg,https://api.spotify.com/v1/audio-analysis/7k0lw3bHc5JpqhMRGchjRg,189400,4
87,Hasta la Raíz,Natalia Lafourcade,2015-11-13,medium_term,3lGMtkONrZdJ8kTCg6KIFf,"['latin alternative', 'mexican pop', 'rock en espanol', 'veracruz indie']",76,0.585,0.643,3,-8.392,1,0.0395,0.201,0.000306,0.144,0.592,152.98,audio_features,3lGMtkONrZdJ8kTCg6KIFf,spotify:track:3lGMtkONrZdJ8kTCg6KIFf,https://api.spotify.com/v1/tracks/3lGMtkONrZdJ8kTCg6KIFf,https://api.spotify.com/v1/audio-analysis/3lGMtkONrZdJ8kTCg6KIFf,221800,3
88,Agapimú (feat. Ana Belén),Ojete Calor,2020-04-08,medium_term,59iTRaqCVSG6E382GYghBY,['spanish electropop'],44,0.647,0.897,3,-5.427,1,0.0637,0.0168,0.0,0.333,0.557,125.045,audio_features,59iTRaqCVSG6E382GYghBY,spotify:track:59iTRaqCVSG6E382GYghBY,https://api.spotify.com/v1/tracks/59iTRaqCVSG6E382GYghBY,https://api.spotify.com/v1/audio-analysis/59iTRaqCVSG6E382GYghBY,164160,4
89,Fuego,Bomba Estéreo,2008-10-21,medium_term,4MvZ76WfNDmkVeQKmqzkah,"['cumbia', 'latin alternative', 'latin rock', 'pop electronico', 'tropical alternativo']",77,0.769,0.828,4,-5.884,0,0.0538,0.0417,2.64e-06,0.0673,0.169,100.014,audio_features,4MvZ76WfNDmkVeQKmqzkah,spotify:track:4MvZ76WfNDmkVeQKmqzkah,https://api.spotify.com/v1/tracks/4MvZ76WfNDmkVeQKmqzkah,https://api.spotify.com/v1/audio-analysis/4MvZ76WfNDmkVeQKmqzkah,276893,4
90,No sabes bailar,Los Flechazos,1988,medium_term,3eYoN3rbKzVp6dmNwMagku,"['spanish indie pop', 'spanish new wave']",28,0.431,0.815,9,-8.013,1,0.0898,0.187,4.82e-05,0.0951,0.817,178.231,audio_features,3eYoN3rbKzVp6dmNwMagku,spotify:track:3eYoN3rbKzVp6dmNwMagku,https://api.spotify.com/v1/tracks/3eYoN3rbKzVp6dmNwMagku,https://api.spotify.com/v1/audio-analysis/3eYoN3rbKzVp6dmNwMagku,126787,4
91,Pero,Parquesvr,2020-06-12,medium_term,47BiQzOb80qTcsS3MUGp76,['spanish noise pop'],27,0.734,0.806,0,-8.497,1,0.0416,0.0182,0.0636,0.165,0.421,98.994,audio_features,47BiQzOb80qTcsS3MUGp76,spotify:track:47BiQzOb80qTcsS3MUGp76,https://api.spotify.com/v1/tracks/47BiQzOb80qTcsS3MUGp76,https://api.spotify.com/v1/audio-analysis/47BiQzOb80qTcsS3MUGp76,190322,4
92,Fever,La Lupe,1967-12-31,medium_term,1DF9XPespiTUJKh5MRRStG,"['latin jazz', 'mambo', 'musica tradicional cubana', 'salsa']",42,0.506,0.547,0,-6.395,0,0.0527,0.595,1.66e-05,0.099,0.744,98.837,audio_features,1DF9XPespiTUJKh5MRRStG,spotify:track:1DF9XPespiTUJKh5MRRStG,https://api.spotify.com/v1/tracks/1DF9XPespiTUJKh5MRRStG,https://api.spotify.com/v1/audio-analysis/1DF9XPespiTUJKh5MRRStG,165213,4
93,Tainted Love,Gloria Jones,1976,medium_term,2ADfheRRkK5P2f1t8si3Lj,['northern soul'],42,0.657,0.501,1,-13.206,0,0.0647,0.155,8.66e-06,0.0549,0.739,165.9,audio_features,2ADfheRRkK5P2f1t8si3Lj,spotify:track:2ADfheRRkK5P2f1t8si3Lj,https://api.spotify.com/v1/tracks/2ADfheRRkK5P2f1t8si3Lj,https://api.spotify.com/v1/audio-analysis/2ADfheRRkK5P2f1t8si3Lj,162947,4
94,Groenlandia,Zombies,1993-07-27,medium_term,2owC2f9sCVSsd2GAKwAQar,[],34,0.726,0.581,8,-11.499,0,0.0318,0.363,0.0622,0.073,0.852,149.834,audio_features,2owC2f9sCVSsd2GAKwAQar,spotify:track:2owC2f9sCVSsd2GAKwAQar,https://api.spotify.com/v1/tracks/2owC2f9sCVSsd2GAKwAQar,https://api.spotify.com/v1/audio-analysis/2owC2f9sCVSsd2GAKwAQar,226733,4
95,"Shame, Shame, Shame",Shirley & Company,1975-01-01,medium_term,3YKepNR0ZR4Zs9ejUvlW4F,['disco'],33,0.734,0.743,7,-8.085,1,0.161,0.252,0.0362,0.15,0.767,101.609,audio_features,3YKepNR0ZR4Zs9ejUvlW4F,spotify:track:3YKepNR0ZR4Zs9ejUvlW4F,https://api.spotify.com/v1/tracks/3YKepNR0ZR4Zs9ejUvlW4F,https://api.spotify.com/v1/audio-analysis/3YKepNR0ZR4Zs9ejUvlW4F,245787,4
96,La Juani,Delafe y las flores azules,2014-04-28,medium_term,51BiVVTLJDZeTugdOnHl5s,['spanish indie pop'],31,0.678,0.595,6,-6.526,1,0.0321,0.155,0.0405,0.0761,0.326,105.018,audio_features,51BiVVTLJDZeTugdOnHl5s,spotify:track:51BiVVTLJDZeTugdOnHl5s,https://api.spotify.com/v1/tracks/51BiVVTLJDZeTugdOnHl5s,https://api.spotify.com/v1/audio-analysis/51BiVVTLJDZeTugdOnHl5s,213827,4
97,Rob a Bank,Ed is Dead,2017-11-10,medium_term,0LJSuCUhF8hqUlFpmPafU3,['spanish electronic'],23,0.349,0.586,6,-5.675,0,0.0354,0.0747,0.00936,0.116,0.0718,144.313,audio_features,0LJSuCUhF8hqUlFpmPafU3,spotify:track:0LJSuCUhF8hqUlFpmPafU3,https://api.spotify.com/v1/tracks/0LJSuCUhF8hqUlFpmPafU3,https://api.spotify.com/v1/audio-analysis/0LJSuCUhF8hqUlFpmPafU3,296138,4
98,Piensa en Mí (with Vicentico),Natalia Lafourcade,2012-09-18,medium_term,18FDZomlMoJ1pcY1v44Tjn,"['latin alternative', 'mexican pop', 'rock en espanol', 'veracruz indie']",76,0.625,0.259,4,-10.581,0,0.0262,0.867,0.0231,0.118,0.454,96.951,audio_features,18FDZomlMoJ1pcY1v44Tjn,spotify:track:18FDZomlMoJ1pcY1v44Tjn,https://api.spotify.com/v1/tracks/18FDZomlMoJ1pcY1v44Tjn,https://api.spotify.com/v1/audio-analysis/18FDZomlMoJ1pcY1v44Tjn,236000,4
99,Hurt,Nine Inch Nails,1994-03-08,medium_term,27tX58NOpv1YKQ0abW7EPy,"['alternative metal', 'alternative rock', 'cyberpunk', 'electronic rock', 'industrial', 'industrial metal', 'industrial rock', 'nu metal', 'rock']",69,0.566,0.124,11,-18.166,0,0.0431,0.709,0.0104,0.132,0.11,79.924,audio_features,27tX58NOpv1YKQ0abW7EPy,spotify:track:27tX58NOpv1YKQ0abW7EPy,https://api.spotify.com/v1/tracks/27tX58NOpv1YKQ0abW7EPy,https://api.spotify.com/v1/audio-analysis/27tX58NOpv1YKQ0abW7EPy,374440,4
100,In Spain We Call It Soledad,Rigoberta Bandini,2020-08-14,long_term,6pQaZOyzCzY36EXoA2U05p,['spanish synthpop'],59,0.819,0.626,11,-6.584,0,0.0824,0.0214,0.0326,0.24,0.749,120.062,audio_features,6pQaZOyzCzY36EXoA2U05p,spotify:track:6pQaZOyzCzY36EXoA2U05p,https://api.spotify.com/v1/tracks/6pQaZOyzCzY36EXoA2U05p,https://api.spotify.com/v1/audio-analysis/6pQaZOyzCzY36EXoA2U05p,177000,4
101,Ay Mamá,Rigoberta Bandini,2021-12-23,long_term,0khVEzctbwmqLvOpg1ecbg,['spanish synthpop'],59,0.687,0.56,1,-6.399,1,0.0364,0.133,7.45e-06,0.146,0.32,126.995,audio_features,0khVEzctbwmqLvOpg1ecbg,spotify:track:0khVEzctbwmqLvOpg1ecbg,https://api.spotify.com/v1/tracks/0khVEzctbwmqLvOpg1ecbg,https://api.spotify.com/v1/audio-analysis/0khVEzctbwmqLvOpg1ecbg,181695,4
102,Foto Pa Ti,Mariel Mariel,2014-02-18,long_term,6fZVXHccQe6EbXavK9FLHg,"['chilean indie', 'deep latin alternative']",41,0.715,0.693,5,-6.574,1,0.0763,0.326,0.494,0.101,0.645,159.944,audio_features,6fZVXHccQe6EbXavK9FLHg,spotify:track:6fZVXHccQe6EbXavK9FLHg,https://api.spotify.com/v1/tracks/6fZVXHccQe6EbXavK9FLHg,https://api.spotify.com/v1/audio-analysis/6fZVXHccQe6EbXavK9FLHg,186987,4
103,Quiero Decirte al Oído,Vinila von Bismark,2017-11-17,long_term,4CtJ0UCxMnzmlyOtbTYgBe,['granada indie'],33,0.634,0.531,10,-12.016,1,0.0502,0.248,6.46e-05,0.346,0.371,135.815,audio_features,4CtJ0UCxMnzmlyOtbTYgBe,spotify:track:4CtJ0UCxMnzmlyOtbTYgBe,https://api.spotify.com/v1/tracks/4CtJ0UCxMnzmlyOtbTYgBe,https://api.spotify.com/v1/audio-analysis/4CtJ0UCxMnzmlyOtbTYgBe,260787,4
104,Calor,Conchita Velasco,2008-01-01,long_term,2qpjaDs0t7CM6uPcaY6aE1,[],28,0.502,0.852,1,-8.931,1,0.0563,0.705,9.53e-05,0.278,0.818,132.728,audio_features,2qpjaDs0t7CM6uPcaY6aE1,spotify:track:2qpjaDs0t7CM6uPcaY6aE1,https://api.spotify.com/v1/tracks/2qpjaDs0t7CM6uPcaY6aE1,https://api.spotify.com/v1/audio-analysis/2qpjaDs0t7CM6uPcaY6aE1,121440,4
105,Cadillac solitario,Loquillo,1989-02-22,long_term,60HibhiSF8eBC2w4DWgorI,"['cantautor', 'rock en espanol', 'rockabilly en espanol', 'spanish new wave', 'spanish pop', 'spanish rockabilly']",53,0.393,0.828,11,-4.147,0,0.0332,0.0746,0.00192,0.148,0.473,129.743,audio_features,60HibhiSF8eBC2w4DWgorI,spotify:track:60HibhiSF8eBC2w4DWgorI,https://api.spotify.com/v1/tracks/60HibhiSF8eBC2w4DWgorI,https://api.spotify.com/v1/audio-analysis/60HibhiSF8eBC2w4DWgorI,214560,1
106,Always on My Mind,Pet Shop Boys,1998-03-31,long_term,07ABETRdek3ACMpRPvQuaT,"['art pop', 'dance rock', 'europop', 'new romantic', 'new wave', 'new wave pop', 'permanent wave', 'synthpop']",69,0.533,0.783,7,-10.61,1,0.0366,0.0116,0.0565,0.186,0.726,124.874,audio_features,07ABETRdek3ACMpRPvQuaT,spotify:track:07ABETRdek3ACMpRPvQuaT,https://api.spotify.com/v1/tracks/07ABETRdek3ACMpRPvQuaT,https://api.spotify.com/v1/audio-analysis/07ABETRdek3ACMpRPvQuaT,234907,4
107,Fuego,Bomba Estéreo,2008-10-21,long_term,4MvZ76WfNDmkVeQKmqzkah,"['cumbia', 'latin alternative', 'latin rock', 'pop electronico', 'tropical alternativo']",77,0.769,0.828,4,-5.884,0,0.0538,0.0417,2.64e-06,0.0673,0.169,100.014,audio_features,4MvZ76WfNDmkVeQKmqzkah,spotify:track:4MvZ76WfNDmkVeQKmqzkah,https://api.spotify.com/v1/tracks/4MvZ76WfNDmkVeQKmqzkah,https://api.spotify.com/v1/audio-analysis/4MvZ76WfNDmkVeQKmqzkah,276893,4
108,Psycho Killer - 2005 Remaster,Talking Heads,1977-09-16,long_term,1i6N76fftMZhijOzFQ5ZtL,"['art punk', 'art rock', 'dance rock', 'funk rock', 'new wave', 'permanent wave', 'post-punk', 'rock', 'zolo']",71,0.721,0.521,2,-8.123,1,0.0613,0.0708,0.00545,0.127,0.942,123.118,audio_features,1i6N76fftMZhijOzFQ5ZtL,spotify:track:1i6N76fftMZhijOzFQ5ZtL,https://api.spotify.com/v1/tracks/1i6N76fftMZhijOzFQ5ZtL,https://api.spotify.com/v1/audio-analysis/1i6N76fftMZhijOzFQ5ZtL,261413,4
109,"Pena, Penita, Pena!",Vinila von Bismark,2015-11-18,long_term,2HKEJSEYuRt3892pFxswAC,['granada indie'],33,0.613,0.781,0,-4.886,1,0.0548,0.368,0.00518,0.103,0.575,128.139,audio_features,2HKEJSEYuRt3892pFxswAC,spotify:track:2HKEJSEYuRt3892pFxswAC,https://api.spotify.com/v1/tracks/2HKEJSEYuRt3892pFxswAC,https://api.spotify.com/v1/audio-analysis/2HKEJSEYuRt3892pFxswAC,216607,4
110,Tuve que quemar,Sara Hebe,2009,long_term,0FT8y5P1ju2dsFMaM3XtMd,"['rap latina', 'rap politico']",49,0.904,0.705,4,-5.785,0,0.189,0.0584,0.00018,0.0779,0.471,97.01,audio_features,0FT8y5P1ju2dsFMaM3XtMd,spotify:track:0FT8y5P1ju2dsFMaM3XtMd,https://api.spotify.com/v1/tracks/0FT8y5P1ju2dsFMaM3XtMd,https://api.spotify.com/v1/audio-analysis/0FT8y5P1ju2dsFMaM3XtMd,245600,4
111,...Baby One More Time,Britney Spears,1999-01-12,long_term,3MjUtNVVq3C8Fn0MP3zhXa,"['dance pop', 'pop']",83,0.759,0.699,0,-5.745,0,0.0307,0.202,0.000131,0.443,0.907,92.96,audio_features,3MjUtNVVq3C8Fn0MP3zhXa,spotify:track:3MjUtNVVq3C8Fn0MP3zhXa,https://api.spotify.com/v1/tracks/3MjUtNVVq3C8Fn0MP3zhXa,https://api.spotify.com/v1/audio-analysis/3MjUtNVVq3C8Fn0MP3zhXa,211067,4
112,Film Music,Electrelane,2006-08-21,long_term,4K9XiE3K0N6Zy8Fvfivqug,"['british alternative rock', 'experimental indie rock', 'indie rock']",40,0.179,0.76,7,-4.557,1,0.0404,0.000665,0.902,0.102,0.0363,121.308,audio_features,4K9XiE3K0N6Zy8Fvfivqug,spotify:track:4K9XiE3K0N6Zy8Fvfivqug,https://api.spotify.com/v1/tracks/4K9XiE3K0N6Zy8Fvfivqug,https://api.spotify.com/v1/audio-analysis/4K9XiE3K0N6Zy8Fvfivqug,251773,4
113,Mon Amour - Remix,zzoilo,2021-12-14,long_term,5TAbg7lJkmo1ZO8pCNhchW,[],66,0.748,0.761,2,-6.621,1,0.102,0.122,6.56e-06,0.0984,0.362,116.041,audio_features,5TAbg7lJkmo1ZO8pCNhchW,spotify:track:5TAbg7lJkmo1ZO8pCNhchW,https://api.spotify.com/v1/tracks/5TAbg7lJkmo1ZO8pCNhchW,https://api.spotify.com/v1/audio-analysis/5TAbg7lJkmo1ZO8pCNhchW,179940,4
114,Disfraz de tigre,Hidrogenesse,2007-02-18,long_term,5cME04YK44GYaVeVHMTbdL,"['spanish indie pop', 'spanish noise pop']",28,0.685,0.752,2,-7.855,1,0.0467,0.00487,0.00027,0.106,0.914,137.01,audio_features,5cME04YK44GYaVeVHMTbdL,spotify:track:5cME04YK44GYaVeVHMTbdL,https://api.spotify.com/v1/tracks/5cME04YK44GYaVeVHMTbdL,https://api.spotify.com/v1/audio-analysis/5cME04YK44GYaVeVHMTbdL,225000,4
115,Soy Yo,Bomba Estéreo,2015-06-02,long_term,4Egb5xP6cniUx0kgZd5zLB,"['cumbia', 'latin alternative', 'latin rock', 'pop electronico', 'tropical alternativo']",77,0.887,0.581,11,-7.632,0,0.172,0.0396,0.000198,0.0788,0.786,117.042,audio_features,4Egb5xP6cniUx0kgZd5zLB,spotify:track:4Egb5xP6cniUx0kgZd5zLB,https://api.spotify.com/v1/tracks/4Egb5xP6cniUx0kgZd5zLB,https://api.spotify.com/v1/audio-analysis/4Egb5xP6cniUx0kgZd5zLB,159800,4
116,The Chauffeur - 2009 Remaster,Duran Duran,1982-05-10,long_term,4kZOi9K2i06Syi2DiSfEqT,"['dance rock', 'new romantic', 'new wave', 'new wave pop', 'pop rock', 'rock', 'synthpop']",70,0.695,0.658,2,-9.174,1,0.0851,0.287,0.000184,0.0467,0.532,82.846,audio_features,4kZOi9K2i06Syi2DiSfEqT,spotify:track:4kZOi9K2i06Syi2DiSfEqT,https://api.spotify.com/v1/tracks/4kZOi9K2i06Syi2DiSfEqT,https://api.spotify.com/v1/audio-analysis/4kZOi9K2i06Syi2DiSfEqT,321533,4
117,Pero,Parquesvr,2020-06-12,long_term,47BiQzOb80qTcsS3MUGp76,['spanish noise pop'],27,0.734,0.806,0,-8.497,1,0.0416,0.0182,0.0636,0.165,0.421,98.994,audio_features,47BiQzOb80qTcsS3MUGp76,spotify:track:47BiQzOb80qTcsS3MUGp76,https://api.spotify.com/v1/tracks/47BiQzOb80qTcsS3MUGp76,https://api.spotify.com/v1/audio-analysis/47BiQzOb80qTcsS3MUGp76,190322,4
118,Fear,Begonia,2019-09-13,long_term,0miFS2PgPYaZ685jwif8VR,"['deep new americana', 'manitoba indie']",38,0.696,0.787,9,-7.76,0,0.0711,0.0393,0.248,0.0768,0.831,176.028,audio_features,0miFS2PgPYaZ685jwif8VR,spotify:track:0miFS2PgPYaZ685jwif8VR,https://api.spotify.com/v1/tracks/0miFS2PgPYaZ685jwif8VR,https://api.spotify.com/v1/audio-analysis/0miFS2PgPYaZ685jwif8VR,235607,4
119,Señoras Bien,Las Bistecs,2016-09-01,long_term,0C60TsFeKSPCyTHolDUN0n,"['rap latina', 'spanish electropop']",31,0.722,0.814,4,-6.048,0,0.0294,0.0145,7.34e-05,0.0845,0.737,129.989,audio_features,0C60TsFeKSPCyTHolDUN0n,spotify:track:0C60TsFeKSPCyTHolDUN0n,https://api.spotify.com/v1/tracks/0C60TsFeKSPCyTHolDUN0n,https://api.spotify.com/v1/audio-analysis/0C60TsFeKSPCyTHolDUN0n,210699,4
120,Poison Lips,Vitalic,2009-09-28,long_term,2BIC788t4sLhFM8MpZIclI,"['alternative dance', 'electro house', 'electroclash', 'electronica', 'filter house', 'french indietronica', 'french techno', 'new french touch', 'new rave']",53,0.63,0.918,10,-5.068,0,0.0413,0.000322,0.635,0.0786,0.468,126.321,audio_features,2BIC788t4sLhFM8MpZIclI,spotify:track:2BIC788t4sLhFM8MpZIclI,https://api.spotify.com/v1/tracks/2BIC788t4sLhFM8MpZIclI,https://api.spotify.com/v1/audio-analysis/2BIC788t4sLhFM8MpZIclI,234240,4
121,Hurt,Johnny Cash,2002-01-01,long_term,28cnXtME493VX9NOw9cIUh,"['arkansas country', 'outlaw country']",76,0.534,0.392,9,-7.636,0,0.0267,0.649,0.000227,0.0948,0.163,90.379,audio_features,28cnXtME493VX9NOw9cIUh,spotify:track:28cnXtME493VX9NOw9cIUh,https://api.spotify.com/v1/tracks/28cnXtME493VX9NOw9cIUh,https://api.spotify.com/v1/audio-analysis/28cnXtME493VX9NOw9cIUh,216533,4
122,Crazy,Gnarls Barkley,2006-04-24,long_term,1vxw6aYJls2oq3gW0DujAo,"['atl hip hop', 'neo soul']",67,0.855,0.587,8,-4.589,1,0.0336,0.0505,0.00714,0.105,0.64,111.97,audio_features,1vxw6aYJls2oq3gW0DujAo,spotify:track:1vxw6aYJls2oq3gW0DujAo,https://api.spotify.com/v1/tracks/1vxw6aYJls2oq3gW0DujAo,https://api.spotify.com/v1/audio-analysis/1vxw6aYJls2oq3gW0DujAo,177466,4
123,Perra,Rigoberta Bandini,2021-01-22,long_term,5Q27cpHUDQPttnB0xH7oBh,['spanish synthpop'],59,0.737,0.627,9,-9.631,1,0.0911,0.0188,0.00305,0.23,0.598,115.086,audio_features,5Q27cpHUDQPttnB0xH7oBh,spotify:track:5Q27cpHUDQPttnB0xH7oBh,https://api.spotify.com/v1/tracks/5Q27cpHUDQPttnB0xH7oBh,https://api.spotify.com/v1/audio-analysis/5Q27cpHUDQPttnB0xH7oBh,216491,4
124,I'm So Excited,Le Tigre,2004-10-19,long_term,4OGR8bneiqjYPHHm2aolUV,"['dance-punk', 'queercore', 'riot grrrl']",58,0.631,0.915,7,-1.849,0,0.0476,0.0386,0.00191,0.0898,0.787,183.173,audio_features,4OGR8bneiqjYPHHm2aolUV,spotify:track:4OGR8bneiqjYPHHm2aolUV,https://api.spotify.com/v1/tracks/4OGR8bneiqjYPHHm2aolUV,https://api.spotify.com/v1/audio-analysis/4OGR8bneiqjYPHHm2aolUV,229387,4
125,Four to the Floor - Thin White Duke Mix; Short Version,Starsailor,2004,long_term,0Hx249i8UGY4cWLjmo1eIH,"['britpop', 'lancashire indie', 'piano rock', 'pop rock']",49,0.66,0.74,9,-6.856,1,0.0344,0.00139,0.0892,0.0907,0.62,123.004,audio_features,0Hx249i8UGY4cWLjmo1eIH,spotify:track:0Hx249i8UGY4cWLjmo1eIH,https://api.spotify.com/v1/tracks/0Hx249i8UGY4cWLjmo1eIH,https://api.spotify.com/v1/audio-analysis/0Hx249i8UGY4cWLjmo1eIH,280489,4
126,Gone Daddy Gone,Violent Femmes,1983-01-01,long_term,7mVoBnU3mxV5Q6n4DmOv6K,"['acoustic punk', 'alternative rock', 'anti-folk', 'pop rock', 'punk', 'rock']",60,0.568,0.948,2,-4.265,0,0.078,0.448,0.00059,0.19,0.84,79.329,audio_features,7mVoBnU3mxV5Q6n4DmOv6K,spotify:track:7mVoBnU3mxV5Q6n4DmOv6K,https://api.spotify.com/v1/tracks/7mVoBnU3mxV5Q6n4DmOv6K,https://api.spotify.com/v1/audio-analysis/7mVoBnU3mxV5Q6n4DmOv6K,186067,4
127,Fever,La Lupe,1967-12-31,long_term,1DF9XPespiTUJKh5MRRStG,"['latin jazz', 'mambo', 'musica tradicional cubana', 'salsa']",42,0.506,0.547,0,-6.395,0,0.0527,0.595,1.66e-05,0.099,0.744,98.837,audio_features,1DF9XPespiTUJKh5MRRStG,spotify:track:1DF9XPespiTUJKh5MRRStG,https://api.spotify.com/v1/tracks/1DF9XPespiTUJKh5MRRStG,https://api.spotify.com/v1/audio-analysis/1DF9XPespiTUJKh5MRRStG,165213,4
128,Agapimú (feat. Ana Belén),Ojete Calor,2020-04-08,long_term,59iTRaqCVSG6E382GYghBY,['spanish electropop'],44,0.647,0.897,3,-5.427,1,0.0637,0.0168,0.0,0.333,0.557,125.045,audio_features,59iTRaqCVSG6E382GYghBY,spotify:track:59iTRaqCVSG6E382GYghBY,https://api.spotify.com/v1/tracks/59iTRaqCVSG6E382GYghBY,https://api.spotify.com/v1/audio-analysis/59iTRaqCVSG6E382GYghBY,164160,4
129,Al Amanecer,Los Fresones Rebeldes,1997-04-13,long_term,7qhuaYIafvH285FtQT71oQ,['spanish indie pop'],39,0.37,0.876,9,-7.159,1,0.191,0.0322,0.0,0.181,0.434,197.783,audio_features,7qhuaYIafvH285FtQT71oQ,spotify:track:7qhuaYIafvH285FtQT71oQ,https://api.spotify.com/v1/tracks/7qhuaYIafvH285FtQT71oQ,https://api.spotify.com/v1/audio-analysis/7qhuaYIafvH285FtQT71oQ,159907,4
130,History Repeating,Propellerheads Feat. Miss Shirley Bassey,2000-11-13,long_term,05mdiAnALU200LER7TId7R,[],25,0.706,0.681,11,-10.873,1,0.0414,0.00247,0.0121,0.11,0.78,144.057,audio_features,05mdiAnALU200LER7TId7R,spotify:track:05mdiAnALU200LER7TId7R,https://api.spotify.com/v1/tracks/05mdiAnALU200LER7TId7R,https://api.spotify.com/v1/audio-analysis/05mdiAnALU200LER7TId7R,244000,4
131,Hasta la Raíz,Natalia Lafourcade,2015-11-13,long_term,3lGMtkONrZdJ8kTCg6KIFf,"['latin alternative', 'mexican pop', 'rock en espanol', 'veracruz indie']",76,0.585,0.643,3,-8.392,1,0.0395,0.201,0.000306,0.144,0.592,152.98,audio_features,3lGMtkONrZdJ8kTCg6KIFf,spotify:track:3lGMtkONrZdJ8kTCg6KIFf,https://api.spotify.com/v1/tracks/3lGMtkONrZdJ8kTCg6KIFf,https://api.spotify.com/v1/audio-analysis/3lGMtkONrZdJ8kTCg6KIFf,221800,3
132,Freed From Desire,Gala,1997-11-17,long_term,3u5N55tHf7hXATSQrjBh2q,"['eurodance', 'europop', 'hip house']",64,0.704,0.861,2,-4.221,0,0.0493,0.587,0.0615,0.0992,0.636,128.99,audio_features,3u5N55tHf7hXATSQrjBh2q,spotify:track:3u5N55tHf7hXATSQrjBh2q,https://api.spotify.com/v1/tracks/3u5N55tHf7hXATSQrjBh2q,https://api.spotify.com/v1/audio-analysis/3u5N55tHf7hXATSQrjBh2q,213394,4
133,Fiesta,Rigoberta Bandini,2020-04-17,long_term,5EoFJ6UJaPlGJlDCIYS4WX,['spanish synthpop'],59,0.778,0.417,0,-11.696,1,0.0419,0.619,0.188,0.282,0.406,120.031,audio_features,5EoFJ6UJaPlGJlDCIYS4WX,spotify:track:5EoFJ6UJaPlGJlDCIYS4WX,https://api.spotify.com/v1/tracks/5EoFJ6UJaPlGJlDCIYS4WX,https://api.spotify.com/v1/audio-analysis/5EoFJ6UJaPlGJlDCIYS4WX,259371,4
134,"Ain't Got No / I Got Life (From the Broadway Musical, ""Hair"") - (Groovefinder Remix)",Nina Simone,2006-10-31,long_term,2Vho6wO3pc56myjZP5miHm,"['jazz blues', 'soul', 'soul jazz', 'torch song', 'vocal jazz']",71,0.655,0.849,7,-7.349,1,0.052,0.0562,0.108,0.179,0.832,122.025,audio_features,2Vho6wO3pc56myjZP5miHm,spotify:track:2Vho6wO3pc56myjZP5miHm,https://api.spotify.com/v1/tracks/2Vho6wO3pc56myjZP5miHm,https://api.spotify.com/v1/audio-analysis/2Vho6wO3pc56myjZP5miHm,198960,4
135,Take on Me,a-ha,1985-06-01,long_term,2WfaOiMkCvy7F5fcp2zZ8L,"['new romantic', 'new wave', 'new wave pop', 'permanent wave', 'pop rock', 'soft rock', 'synthpop']",73,0.573,0.902,6,-7.638,0,0.054,0.018,0.00125,0.0928,0.876,84.412,audio_features,2WfaOiMkCvy7F5fcp2zZ8L,spotify:track:2WfaOiMkCvy7F5fcp2zZ8L,https://api.spotify.com/v1/tracks/2WfaOiMkCvy7F5fcp2zZ8L,https://api.spotify.com/v1/audio-analysis/2WfaOiMkCvy7F5fcp2zZ8L,225280,4
136,Musique Automatique,Stereo Total,2001-10-08,long_term,3vZlP4oJmlloAI6HDMj6VW,['electroclash'],40,0.726,0.683,7,-6.694,1,0.0506,0.0929,0.705,0.351,0.274,78.601,audio_features,3vZlP4oJmlloAI6HDMj6VW,spotify:track:3vZlP4oJmlloAI6HDMj6VW,https://api.spotify.com/v1/tracks/3vZlP4oJmlloAI6HDMj6VW,https://api.spotify.com/v1/audio-analysis/3vZlP4oJmlloAI6HDMj6VW,197680,4
137,Smalltown Boy,Bronski Beat,1984-10-15,long_term,5vmRQ3zELMLUQPo2FLQ76x,"['hi-nrg', 'new romantic', 'new wave', 'new wave pop', 'sophisti-pop', 'synthpop']",60,0.685,0.584,5,-10.616,0,0.0276,0.288,0.00918,0.124,0.939,134.546,audio_features,5vmRQ3zELMLUQPo2FLQ76x,spotify:track:5vmRQ3zELMLUQPo2FLQ76x,https://api.spotify.com/v1/tracks/5vmRQ3zELMLUQPo2FLQ76x,https://api.spotify.com/v1/audio-analysis/5vmRQ3zELMLUQPo2FLQ76x,302413,4
138,Don't Stop Believin',Journey,1981,long_term,4bHsxqR3GMrXTxEPLuK5ue,"['album rock', 'classic rock', 'hard rock', 'mellow gold', 'rock', 'soft rock']",76,0.5,0.748,4,-9.072,1,0.0363,0.127,0.0,0.447,0.514,118.852,audio_features,4bHsxqR3GMrXTxEPLuK5ue,spotify:track:4bHsxqR3GMrXTxEPLuK5ue,https://api.spotify.com/v1/tracks/4bHsxqR3GMrXTxEPLuK5ue,https://api.spotify.com/v1/audio-analysis/4bHsxqR3GMrXTxEPLuK5ue,250987,4
139,What's Up?,4 Non Blondes,1992-01-01,long_term,0jWgAnTrNZmOGmqgvHhZEm,"['new wave pop', 'pop rock']",66,0.565,0.564,2,-10.044,1,0.0292,0.161,0.0,0.114,0.454,134.355,audio_features,0jWgAnTrNZmOGmqgvHhZEm,spotify:track:0jWgAnTrNZmOGmqgvHhZEm,https://api.spotify.com/v1/tracks/0jWgAnTrNZmOGmqgvHhZEm,https://api.spotify.com/v1/audio-analysis/0jWgAnTrNZmOGmqgvHhZEm,295533,4
140,Your Song,Elton John,1970-04-10,long_term,38zsOOcu31XbbYj9BIPUF1,"['glam rock', 'mellow gold', 'piano rock']",86,0.554,0.315,3,-11.028,1,0.0298,0.828,5.53e-06,0.101,0.325,128.157,audio_features,38zsOOcu31XbbYj9BIPUF1,spotify:track:38zsOOcu31XbbYj9BIPUF1,https://api.spotify.com/v1/tracks/38zsOOcu31XbbYj9BIPUF1,https://api.spotify.com/v1/audio-analysis/38zsOOcu31XbbYj9BIPUF1,241787,4
141,No sabes bailar,Los Flechazos,1988,long_term,3eYoN3rbKzVp6dmNwMagku,"['spanish indie pop', 'spanish new wave']",28,0.431,0.815,9,-8.013,1,0.0898,0.187,4.82e-05,0.0951,0.817,178.231,audio_features,3eYoN3rbKzVp6dmNwMagku,spotify:track:3eYoN3rbKzVp6dmNwMagku,https://api.spotify.com/v1/tracks/3eYoN3rbKzVp6dmNwMagku,https://api.spotify.com/v1/audio-analysis/3eYoN3rbKzVp6dmNwMagku,126787,4
142,Let It Be - Remastered 2009,The Beatles,1970-05-08,long_term,7iN1s7xHE4ifF5povM6A48,"['beatlesque', 'british invasion', 'classic rock', 'merseybeat', 'psychedelic rock', 'rock']",86,0.443,0.403,0,-8.339,1,0.0322,0.631,0.0,0.111,0.41,143.462,audio_features,7iN1s7xHE4ifF5povM6A48,spotify:track:7iN1s7xHE4ifF5povM6A48,https://api.spotify.com/v1/tracks/7iN1s7xHE4ifF5povM6A48,https://api.spotify.com/v1/audio-analysis/7iN1s7xHE4ifF5povM6A48,243027,4
143,Heavy Cross,Gossip,2009-06-19,long_term,2IxixfQUSQkwCCblJT3Eq1,"['alternative dance', 'electropop', 'new rave', 'olympia wa indie']",51,0.793,0.688,2,-4.216,1,0.0328,0.079,0.0604,0.145,0.221,120.058,audio_features,2IxixfQUSQkwCCblJT3Eq1,spotify:track:2IxixfQUSQkwCCblJT3Eq1,https://api.spotify.com/v1/tracks/2IxixfQUSQkwCCblJT3Eq1,https://api.spotify.com/v1/audio-analysis/2IxixfQUSQkwCCblJT3Eq1,242773,4
144,Calor,Conchita Velasco,2018-04-17,long_term,3enhhbHP5QlIUglojSSfpp,[],28,0.52,0.833,1,-5.573,1,0.0355,0.781,0.301,0.213,0.92,130.934,audio_features,3enhhbHP5QlIUglojSSfpp,spotify:track:3enhhbHP5QlIUglojSSfpp,https://api.spotify.com/v1/tracks/3enhhbHP5QlIUglojSSfpp,https://api.spotify.com/v1/audio-analysis/3enhhbHP5QlIUglojSSfpp,120387,4
145,Wake Up,Arcade Fire,2004-06-16,long_term,6Hmj7SrLRbreLVfVS7mV1S,"['baroque pop', 'canadian indie', 'indie rock', 'modern rock', 'new rave', 'permanent wave', 'quebec indie', 'rock']",68,0.252,0.8,0,-4.845,1,0.0368,0.12,0.0538,0.118,0.29,139.361,audio_features,6Hmj7SrLRbreLVfVS7mV1S,spotify:track:6Hmj7SrLRbreLVfVS7mV1S,https://api.spotify.com/v1/tracks/6Hmj7SrLRbreLVfVS7mV1S,https://api.spotify.com/v1/audio-analysis/6Hmj7SrLRbreLVfVS7mV1S,335333,4
146,Googa Mama,The Bongolian,2016-07-01,long_term,5ug08DWDPsbNPkhd6iNMGP,"['bboy', 'instrumental funk']",23,0.531,0.984,2,-5.26,1,0.0584,0.0617,0.00341,0.808,0.95,156.012,audio_features,5ug08DWDPsbNPkhd6iNMGP,spotify:track:5ug08DWDPsbNPkhd6iNMGP,https://api.spotify.com/v1/tracks/5ug08DWDPsbNPkhd6iNMGP,https://api.spotify.com/v1/audio-analysis/5ug08DWDPsbNPkhd6iNMGP,219707,4
147,HDA (Historia del Arte),Las Bistecs,2016-09-01,long_term,1ViUKZsdEDsRKIdOic4DyQ,"['rap latina', 'spanish electropop']",31,0.91,0.585,11,-6.328,0,0.247,0.135,0.0024,0.116,0.522,119.979,audio_features,1ViUKZsdEDsRKIdOic4DyQ,spotify:track:1ViUKZsdEDsRKIdOic4DyQ,https://api.spotify.com/v1/tracks/1ViUKZsdEDsRKIdOic4DyQ,https://api.spotify.com/v1/audio-analysis/1ViUKZsdEDsRKIdOic4DyQ,185965,4
148,No hay nada más triste que lo tuyo,Hidrogenesse,2002-07-01,long_term,5r9PSnb72ezEr5rkk48JuG,"['spanish indie pop', 'spanish noise pop']",28,0.646,0.931,5,-4.917,0,0.191,0.319,1.6e-06,0.34,0.541,126.977,audio_features,5r9PSnb72ezEr5rkk48JuG,spotify:track:5r9PSnb72ezEr5rkk48JuG,https://api.spotify.com/v1/tracks/5r9PSnb72ezEr5rkk48JuG,https://api.spotify.com/v1/audio-analysis/5r9PSnb72ezEr5rkk48JuG,239999,4
149,"Shame, Shame, Shame",Shirley & Company,1975-01-01,long_term,3YKepNR0ZR4Zs9ejUvlW4F,['disco'],33,0.734,0.743,7,-8.085,1,0.161,0.252,0.0362,0.15,0.767,101.609,audio_features,3YKepNR0ZR4Zs9ejUvlW4F,spotify:track:3YKepNR0ZR4Zs9ejUvlW4F,https://api.spotify.com/v1/tracks/3YKepNR0ZR4Zs9ejUvlW4F,https://api.spotify.com/v1/audio-analysis/3YKepNR0ZR4Zs9ejUvlW4F,245787,4
